{
  "open_positions": [],
  "daily_pnl": 0.0,
  "weekly_pnl": 0.0,
  "cooldown_timestamps": {
    "LDOUSDT": 1783191725.4544294,
    "UNIUSDT": 1783191725.4706485
  },
  "signals_halted": false,
  "halt_reason": null,
  "last_daily_reset": "2026-07-04",
  "last_weekly_reset": "2026-W27",
  "correlation_matrix": {
    "XLMUSDT": {
      "XLMUSDT": 1.0,
      "SOLUSDT": 0.281346288455677,
      "BTCUSDT": 0.3531996251857354,
      "ETHUSDT": 0.3756243759872343,
      "BNBUSDT": 0.3082655924145011,
      "XRPUSDT": 0.3651510135780686,
      "DOGEUSDT": 0.39581187528901135
    },
    "SOLUSDT": {
      "XLMUSDT": 0.281346288455677,
      "SOLUSDT": 1.0,
      "BTCUSDT": 0.6718782368877049,
      "ETHUSDT": 0.6427953983278099,
      "BNBUSDT": 0.6176655670500101,
      "XRPUSDT": 0.6557455901582695,
      "DOGEUSDT": 0.689883216525573
    },
    "BTCUSDT": {
      "XLMUSDT": 0.3531996251857354,
      "SOLUSDT": 0.6718782368877049,
      "BTCUSDT": 1.0,
      "ETHUSDT": 0.8289765194198689,
      "BNBUSDT": 0.7862416197965958,
      "XRPUSDT": 0.760203838347997,
      "DOGEUSDT": 0.7867243496455579
    },
    "ETHUSDT": {
      "XLMUSDT": 0.3756243759872343,
      "SOLUSDT": 0.6427953983278099,
      "BTCUSDT": 0.8289765194198689,
      "ETHUSDT": 1.0,
      "BNBUSDT": 0.7531310514187658,
      "XRPUSDT": 0.7591131018025504,
      "DOGEUSDT": 0.7949594961465121
    },
    "BNBUSDT": {
      "XLMUSDT": 0.3082655924145011,
      "SOLUSDT": 0.6176655670500101,
      "BTCUSDT": 0.7862416197965958,
      "ETHUSDT": 0.7531310514187658,
      "BNBUSDT": 1.0,
      "XRPUSDT": 0.7193077293743848,
      "DOGEUSDT": 0.7418493739713024
    },
    "XRPUSDT": {
      "XLMUSDT": 0.3651510135780686,
      "SOLUSDT": 0.6557455901582695,
      "BTCUSDT": 0.760203838347997,
      "ETHUSDT": 0.7591131018025504,
      "BNBUSDT": 0.7193077293743848,
      "XRPUSDT": 1.0,
      "DOGEUSDT": 0.7575165508370667
    },
    "DOGEUSDT": {
      "XLMUSDT": 0.39581187528901135,
      "SOLUSDT": 0.689883216525573,
      "BTCUSDT": 0.7867243496455579,
      "ETHUSDT": 0.7949594961465121,
      "BNBUSDT": 0.7418493739713024,
      "XRPUSDT": 0.7575165508370667,
      "DOGEUSDT": 1.0
    }
  },
  "correlation_timestamp": 1783333559.958642
}