{
  "open_positions": [],
  "daily_pnl": 0.0,
  "weekly_pnl": 0.0,
  "cooldown_timestamps": {
    "LDOUSDT": 1783191725.4544294,
    "UNIUSDT": 1783191725.4706485
  },
  "signals_halted": false,
  "halt_reason": null,
  "last_daily_reset": "2026-07-04",
  "last_weekly_reset": "2026-W27",
  "correlation_matrix": {
    "XLMUSDT": {
      "XLMUSDT": 1.0,
      "SOLUSDT": 0.5901927544185221,
      "BTCUSDT": 0.5973497238064891,
      "ETHUSDT": 0.6252994758855988,
      "BNBUSDT": 0.5233800066715658,
      "XRPUSDT": 0.6203145005145116,
      "DOGEUSDT": 0.6764765846859148
    },
    "SOLUSDT": {
      "XLMUSDT": 0.5901927544185221,
      "SOLUSDT": 1.0,
      "BTCUSDT": 0.815422547103667,
      "ETHUSDT": 0.8762140472543611,
      "BNBUSDT": 0.7857061415361379,
      "XRPUSDT": 0.7927850840526324,
      "DOGEUSDT": 0.8026188861974716
    },
    "BTCUSDT": {
      "XLMUSDT": 0.5973497238064891,
      "SOLUSDT": 0.815422547103667,
      "BTCUSDT": 1.0,
      "ETHUSDT": 0.9127462744730659,
      "BNBUSDT": 0.8079635357140925,
      "XRPUSDT": 0.8513387997337392,
      "DOGEUSDT": 0.7893996740941678
    },
    "ETHUSDT": {
      "XLMUSDT": 0.6252994758855988,
      "SOLUSDT": 0.8762140472543611,
      "BTCUSDT": 0.9127462744730659,
      "ETHUSDT": 1.0,
      "BNBUSDT": 0.8306074013568016,
      "XRPUSDT": 0.8343773720201764,
      "DOGEUSDT": 0.8474034558022475
    },
    "BNBUSDT": {
      "XLMUSDT": 0.5233800066715658,
      "SOLUSDT": 0.7857061415361379,
      "BTCUSDT": 0.8079635357140925,
      "ETHUSDT": 0.8306074013568016,
      "BNBUSDT": 1.0,
      "XRPUSDT": 0.7632839231759255,
      "DOGEUSDT": 0.8042840683488992
    },
    "XRPUSDT": {
      "XLMUSDT": 0.6203145005145116,
      "SOLUSDT": 0.7927850840526324,
      "BTCUSDT": 0.8513387997337392,
      "ETHUSDT": 0.8343773720201764,
      "BNBUSDT": 0.7632839231759255,
      "XRPUSDT": 1.0,
      "DOGEUSDT": 0.8355012241364336
    },
    "DOGEUSDT": {
      "XLMUSDT": 0.6764765846859148,
      "SOLUSDT": 0.8026188861974716,
      "BTCUSDT": 0.7893996740941678,
      "ETHUSDT": 0.8474034558022475,
      "BNBUSDT": 0.8042840683488992,
      "XRPUSDT": 0.8355012241364336,
      "DOGEUSDT": 1.0
    }
  },
  "correlation_timestamp": 1783766029.9289293
}